--
-- PostgreSQL database dump
--

-- Dumped from database version 17.2
-- Dumped by pg_dump version 17.2

-- Started on 2024-12-16 04:05:49

SET statement_timeout = 0;
SET lock_timeout = 0;
SET idle_in_transaction_session_timeout = 0;
SET transaction_timeout = 0;
SET client_encoding = 'UTF8';
SET standard_conforming_strings = on;
SELECT pg_catalog.set_config('search_path', '', false);
SET check_function_bodies = false;
SET xmloption = content;
SET client_min_messages = warning;
SET row_security = off;

SET default_tablespace = '';

SET default_table_access_method = heap;

--
-- TOC entry 228 (class 1259 OID 16446)
-- Name: auth_group; Type: TABLE; Schema: public; Owner: admin_salon
--

CREATE TABLE public.auth_group (
    id integer NOT NULL,
    name character varying(150) NOT NULL
);


ALTER TABLE public.auth_group OWNER TO admin_salon;

--
-- TOC entry 227 (class 1259 OID 16445)
-- Name: auth_group_id_seq; Type: SEQUENCE; Schema: public; Owner: admin_salon
--

ALTER TABLE public.auth_group ALTER COLUMN id ADD GENERATED BY DEFAULT AS IDENTITY (
    SEQUENCE NAME public.auth_group_id_seq
    START WITH 1
    INCREMENT BY 1
    NO MINVALUE
    NO MAXVALUE
    CACHE 1
);


--
-- TOC entry 230 (class 1259 OID 16454)
-- Name: auth_group_permissions; Type: TABLE; Schema: public; Owner: admin_salon
--

CREATE TABLE public.auth_group_permissions (
    id bigint NOT NULL,
    group_id integer NOT NULL,
    permission_id integer NOT NULL
);


ALTER TABLE public.auth_group_permissions OWNER TO admin_salon;

--
-- TOC entry 229 (class 1259 OID 16453)
-- Name: auth_group_permissions_id_seq; Type: SEQUENCE; Schema: public; Owner: admin_salon
--

ALTER TABLE public.auth_group_permissions ALTER COLUMN id ADD GENERATED BY DEFAULT AS IDENTITY (
    SEQUENCE NAME public.auth_group_permissions_id_seq
    START WITH 1
    INCREMENT BY 1
    NO MINVALUE
    NO MAXVALUE
    CACHE 1
);


--
-- TOC entry 226 (class 1259 OID 16440)
-- Name: auth_permission; Type: TABLE; Schema: public; Owner: admin_salon
--

CREATE TABLE public.auth_permission (
    id integer NOT NULL,
    name character varying(255) NOT NULL,
    content_type_id integer NOT NULL,
    codename character varying(100) NOT NULL
);


ALTER TABLE public.auth_permission OWNER TO admin_salon;

--
-- TOC entry 225 (class 1259 OID 16439)
-- Name: auth_permission_id_seq; Type: SEQUENCE; Schema: public; Owner: admin_salon
--

ALTER TABLE public.auth_permission ALTER COLUMN id ADD GENERATED BY DEFAULT AS IDENTITY (
    SEQUENCE NAME public.auth_permission_id_seq
    START WITH 1
    INCREMENT BY 1
    NO MINVALUE
    NO MAXVALUE
    CACHE 1
);


--
-- TOC entry 232 (class 1259 OID 16460)
-- Name: auth_user; Type: TABLE; Schema: public; Owner: admin_salon
--

CREATE TABLE public.auth_user (
    id integer NOT NULL,
    password character varying(128) NOT NULL,
    last_login timestamp with time zone,
    is_superuser boolean NOT NULL,
    username character varying(150) NOT NULL,
    first_name character varying(150) NOT NULL,
    last_name character varying(150) NOT NULL,
    email character varying(254) NOT NULL,
    is_staff boolean NOT NULL,
    is_active boolean NOT NULL,
    date_joined timestamp with time zone NOT NULL
);


ALTER TABLE public.auth_user OWNER TO admin_salon;

--
-- TOC entry 234 (class 1259 OID 16468)
-- Name: auth_user_groups; Type: TABLE; Schema: public; Owner: admin_salon
--

CREATE TABLE public.auth_user_groups (
    id bigint NOT NULL,
    user_id integer NOT NULL,
    group_id integer NOT NULL
);


ALTER TABLE public.auth_user_groups OWNER TO admin_salon;

--
-- TOC entry 233 (class 1259 OID 16467)
-- Name: auth_user_groups_id_seq; Type: SEQUENCE; Schema: public; Owner: admin_salon
--

ALTER TABLE public.auth_user_groups ALTER COLUMN id ADD GENERATED BY DEFAULT AS IDENTITY (
    SEQUENCE NAME public.auth_user_groups_id_seq
    START WITH 1
    INCREMENT BY 1
    NO MINVALUE
    NO MAXVALUE
    CACHE 1
);


--
-- TOC entry 231 (class 1259 OID 16459)
-- Name: auth_user_id_seq; Type: SEQUENCE; Schema: public; Owner: admin_salon
--

ALTER TABLE public.auth_user ALTER COLUMN id ADD GENERATED BY DEFAULT AS IDENTITY (
    SEQUENCE NAME public.auth_user_id_seq
    START WITH 1
    INCREMENT BY 1
    NO MINVALUE
    NO MAXVALUE
    CACHE 1
);


--
-- TOC entry 236 (class 1259 OID 16474)
-- Name: auth_user_user_permissions; Type: TABLE; Schema: public; Owner: admin_salon
--

CREATE TABLE public.auth_user_user_permissions (
    id bigint NOT NULL,
    user_id integer NOT NULL,
    permission_id integer NOT NULL
);


ALTER TABLE public.auth_user_user_permissions OWNER TO admin_salon;

--
-- TOC entry 235 (class 1259 OID 16473)
-- Name: auth_user_user_permissions_id_seq; Type: SEQUENCE; Schema: public; Owner: admin_salon
--

ALTER TABLE public.auth_user_user_permissions ALTER COLUMN id ADD GENERATED BY DEFAULT AS IDENTITY (
    SEQUENCE NAME public.auth_user_user_permissions_id_seq
    START WITH 1
    INCREMENT BY 1
    NO MINVALUE
    NO MAXVALUE
    CACHE 1
);


--
-- TOC entry 218 (class 1259 OID 16396)
-- Name: clients; Type: TABLE; Schema: public; Owner: admin_salon
--

CREATE TABLE public.clients (
    client_id integer NOT NULL,
    name character varying(30) NOT NULL,
    email character varying NOT NULL,
    phone character varying(20)
);


ALTER TABLE public.clients OWNER TO admin_salon;

--
-- TOC entry 240 (class 1259 OID 16590)
-- Name: clients_client_id_seq; Type: SEQUENCE; Schema: public; Owner: admin_salon
--

ALTER TABLE public.clients ALTER COLUMN client_id ADD GENERATED ALWAYS AS IDENTITY (
    SEQUENCE NAME public.clients_client_id_seq
    START WITH 1
    INCREMENT BY 1
    NO MINVALUE
    NO MAXVALUE
    CACHE 1
);


--
-- TOC entry 238 (class 1259 OID 16532)
-- Name: django_admin_log; Type: TABLE; Schema: public; Owner: admin_salon
--

CREATE TABLE public.django_admin_log (
    id integer NOT NULL,
    action_time timestamp with time zone NOT NULL,
    object_id text,
    object_repr character varying(200) NOT NULL,
    action_flag smallint NOT NULL,
    change_message text NOT NULL,
    content_type_id integer,
    user_id integer NOT NULL,
    CONSTRAINT django_admin_log_action_flag_check CHECK ((action_flag >= 0))
);


ALTER TABLE public.django_admin_log OWNER TO admin_salon;

--
-- TOC entry 237 (class 1259 OID 16531)
-- Name: django_admin_log_id_seq; Type: SEQUENCE; Schema: public; Owner: admin_salon
--

ALTER TABLE public.django_admin_log ALTER COLUMN id ADD GENERATED BY DEFAULT AS IDENTITY (
    SEQUENCE NAME public.django_admin_log_id_seq
    START WITH 1
    INCREMENT BY 1
    NO MINVALUE
    NO MAXVALUE
    CACHE 1
);


--
-- TOC entry 224 (class 1259 OID 16432)
-- Name: django_content_type; Type: TABLE; Schema: public; Owner: admin_salon
--

CREATE TABLE public.django_content_type (
    id integer NOT NULL,
    app_label character varying(100) NOT NULL,
    model character varying(100) NOT NULL
);


ALTER TABLE public.django_content_type OWNER TO admin_salon;

--
-- TOC entry 223 (class 1259 OID 16431)
-- Name: django_content_type_id_seq; Type: SEQUENCE; Schema: public; Owner: admin_salon
--

ALTER TABLE public.django_content_type ALTER COLUMN id ADD GENERATED BY DEFAULT AS IDENTITY (
    SEQUENCE NAME public.django_content_type_id_seq
    START WITH 1
    INCREMENT BY 1
    NO MINVALUE
    NO MAXVALUE
    CACHE 1
);


--
-- TOC entry 222 (class 1259 OID 16424)
-- Name: django_migrations; Type: TABLE; Schema: public; Owner: admin_salon
--

CREATE TABLE public.django_migrations (
    id bigint NOT NULL,
    app character varying(255) NOT NULL,
    name character varying(255) NOT NULL,
    applied timestamp with time zone NOT NULL
);


ALTER TABLE public.django_migrations OWNER TO admin_salon;

--
-- TOC entry 221 (class 1259 OID 16423)
-- Name: django_migrations_id_seq; Type: SEQUENCE; Schema: public; Owner: admin_salon
--

ALTER TABLE public.django_migrations ALTER COLUMN id ADD GENERATED BY DEFAULT AS IDENTITY (
    SEQUENCE NAME public.django_migrations_id_seq
    START WITH 1
    INCREMENT BY 1
    NO MINVALUE
    NO MAXVALUE
    CACHE 1
);


--
-- TOC entry 239 (class 1259 OID 16577)
-- Name: django_session; Type: TABLE; Schema: public; Owner: admin_salon
--

CREATE TABLE public.django_session (
    session_key character varying(40) NOT NULL,
    session_data text NOT NULL,
    expire_date timestamp with time zone NOT NULL
);


ALTER TABLE public.django_session OWNER TO admin_salon;

--
-- TOC entry 220 (class 1259 OID 16413)
-- Name: freedates; Type: TABLE; Schema: public; Owner: admin_salon
--

CREATE TABLE public.freedates (
    freedate_id integer NOT NULL,
    begin timestamp without time zone NOT NULL,
    duration interval NOT NULL,
    takenserv_id integer
);


ALTER TABLE public.freedates OWNER TO admin_salon;

--
-- TOC entry 241 (class 1259 OID 16591)
-- Name: freedates_freedate_id_seq; Type: SEQUENCE; Schema: public; Owner: admin_salon
--

ALTER TABLE public.freedates ALTER COLUMN freedate_id ADD GENERATED ALWAYS AS IDENTITY (
    SEQUENCE NAME public.freedates_freedate_id_seq
    START WITH 1
    INCREMENT BY 1
    MINVALUE 0
    NO MAXVALUE
    CACHE 1
);


--
-- TOC entry 244 (class 1259 OID 16596)
-- Name: iscreateddates; Type: TABLE; Schema: public; Owner: admin_salon
--

CREATE TABLE public.iscreateddates (
    sunday_date date NOT NULL,
    status boolean
);


ALTER TABLE public.iscreateddates OWNER TO admin_salon;

--
-- TOC entry 245 (class 1259 OID 16601)
-- Name: isdeleteddates; Type: TABLE; Schema: public; Owner: admin_salon
--

CREATE TABLE public.isdeleteddates (
    monday_date date NOT NULL,
    status boolean
);


ALTER TABLE public.isdeleteddates OWNER TO admin_salon;

--
-- TOC entry 217 (class 1259 OID 16389)
-- Name: services; Type: TABLE; Schema: public; Owner: admin_salon
--

CREATE TABLE public.services (
    service_id integer NOT NULL,
    name character varying(100) NOT NULL,
    price integer NOT NULL,
    "time" interval NOT NULL,
    type character varying(20) NOT NULL,
    "desc" text
);


ALTER TABLE public.services OWNER TO admin_salon;

--
-- TOC entry 242 (class 1259 OID 16592)
-- Name: services_service_id_seq; Type: SEQUENCE; Schema: public; Owner: admin_salon
--

ALTER TABLE public.services ALTER COLUMN service_id ADD GENERATED ALWAYS AS IDENTITY (
    SEQUENCE NAME public.services_service_id_seq
    START WITH 1
    INCREMENT BY 1
    NO MINVALUE
    NO MAXVALUE
    CACHE 1
);


--
-- TOC entry 219 (class 1259 OID 16403)
-- Name: takenservices; Type: TABLE; Schema: public; Owner: admin_salon
--

CREATE TABLE public.takenservices (
    takenserv_id integer NOT NULL,
    client_id integer NOT NULL,
    total_name character varying(300) NOT NULL,
    total_price integer NOT NULL,
    begin timestamp without time zone NOT NULL,
    "end" timestamp without time zone NOT NULL
);


ALTER TABLE public.takenservices OWNER TO admin_salon;

--
-- TOC entry 243 (class 1259 OID 16593)
-- Name: takenservices_takenserv_id_seq; Type: SEQUENCE; Schema: public; Owner: admin_salon
--

ALTER TABLE public.takenservices ALTER COLUMN takenserv_id ADD GENERATED ALWAYS AS IDENTITY (
    SEQUENCE NAME public.takenservices_takenserv_id_seq
    START WITH 1
    INCREMENT BY 1
    NO MINVALUE
    NO MAXVALUE
    CACHE 1
);


--
-- TOC entry 4994 (class 0 OID 16446)
-- Dependencies: 228
-- Data for Name: auth_group; Type: TABLE DATA; Schema: public; Owner: admin_salon
--

COPY public.auth_group (id, name) FROM stdin;
\.


--
-- TOC entry 4996 (class 0 OID 16454)
-- Dependencies: 230
-- Data for Name: auth_group_permissions; Type: TABLE DATA; Schema: public; Owner: admin_salon
--

COPY public.auth_group_permissions (id, group_id, permission_id) FROM stdin;
\.


--
-- TOC entry 4992 (class 0 OID 16440)
-- Dependencies: 226
-- Data for Name: auth_permission; Type: TABLE DATA; Schema: public; Owner: admin_salon
--

COPY public.auth_permission (id, name, content_type_id, codename) FROM stdin;
1	Can add service	1	add_service
2	Can change service	1	change_service
3	Can delete service	1	delete_service
4	Can view service	1	view_service
5	Can add log entry	2	add_logentry
6	Can change log entry	2	change_logentry
7	Can delete log entry	2	delete_logentry
8	Can view log entry	2	view_logentry
9	Can add permission	3	add_permission
10	Can change permission	3	change_permission
11	Can delete permission	3	delete_permission
12	Can view permission	3	view_permission
13	Can add group	4	add_group
14	Can change group	4	change_group
15	Can delete group	4	delete_group
16	Can view group	4	view_group
17	Can add user	5	add_user
18	Can change user	5	change_user
19	Can delete user	5	delete_user
20	Can view user	5	view_user
21	Can add content type	6	add_contenttype
22	Can change content type	6	change_contenttype
23	Can delete content type	6	delete_contenttype
24	Can view content type	6	view_contenttype
25	Can add session	7	add_session
26	Can change session	7	change_session
27	Can delete session	7	delete_session
28	Can view session	7	view_session
29	Can add client	8	add_client
30	Can change client	8	change_client
31	Can delete client	8	delete_client
32	Can view client	8	view_client
33	Can add taken service	9	add_takenservice
34	Can change taken service	9	change_takenservice
35	Can delete taken service	9	delete_takenservice
36	Can view taken service	9	view_takenservice
37	Can add free date	10	add_freedate
38	Can change free date	10	change_freedate
39	Can delete free date	10	delete_freedate
40	Can view free date	10	view_freedate
\.


--
-- TOC entry 4998 (class 0 OID 16460)
-- Dependencies: 232
-- Data for Name: auth_user; Type: TABLE DATA; Schema: public; Owner: admin_salon
--

COPY public.auth_user (id, password, last_login, is_superuser, username, first_name, last_name, email, is_staff, is_active, date_joined) FROM stdin;
\.


--
-- TOC entry 5000 (class 0 OID 16468)
-- Dependencies: 234
-- Data for Name: auth_user_groups; Type: TABLE DATA; Schema: public; Owner: admin_salon
--

COPY public.auth_user_groups (id, user_id, group_id) FROM stdin;
\.


--
-- TOC entry 5002 (class 0 OID 16474)
-- Dependencies: 236
-- Data for Name: auth_user_user_permissions; Type: TABLE DATA; Schema: public; Owner: admin_salon
--

COPY public.auth_user_user_permissions (id, user_id, permission_id) FROM stdin;
\.


--
-- TOC entry 4984 (class 0 OID 16396)
-- Dependencies: 218
-- Data for Name: clients; Type: TABLE DATA; Schema: public; Owner: admin_salon
--

COPY public.clients (client_id, name, email, phone) FROM stdin;
1	Татьяна	tbaltiyskaya@yandex.ru	8-388-373-82-82
2	Елена	tbaltiyskaya@yandex.ru	8-977-832-83-72
3	оаорвгаргв	tbaltiyskaya@yandex.ru	8-388-373-82-82
4	tbaltiyskaya	tbaltiyskaya@yandex.ru	8-953-633-35-05
5			
6	Мила	qwerty@mail.ru	8-934-982-71-62
7	Катя	qwe23rty@mail.ru	8-934-982-33-33
8	татьяна 	example@gmail.ru	8-972-251-51-24
9	ирина 	irina@mail.ru	8-976-254-51-41
10	оля	olga@gmail.com	8-998-165-36-25
11	вика	vika@gmail.com	8-926-817-25-15
\.


--
-- TOC entry 5004 (class 0 OID 16532)
-- Dependencies: 238
-- Data for Name: django_admin_log; Type: TABLE DATA; Schema: public; Owner: admin_salon
--

COPY public.django_admin_log (id, action_time, object_id, object_repr, action_flag, change_message, content_type_id, user_id) FROM stdin;
\.


--
-- TOC entry 4990 (class 0 OID 16432)
-- Dependencies: 224
-- Data for Name: django_content_type; Type: TABLE DATA; Schema: public; Owner: admin_salon
--

COPY public.django_content_type (id, app_label, model) FROM stdin;
1	manicapp	service
2	admin	logentry
3	auth	permission
4	auth	group
5	auth	user
6	contenttypes	contenttype
7	sessions	session
8	manicapp	client
9	manicapp	takenservice
10	manicapp	freedate
\.


--
-- TOC entry 4988 (class 0 OID 16424)
-- Dependencies: 222
-- Data for Name: django_migrations; Type: TABLE DATA; Schema: public; Owner: admin_salon
--

COPY public.django_migrations (id, app, name, applied) FROM stdin;
1	contenttypes	0001_initial	2024-10-17 22:07:08.41659+03
2	auth	0001_initial	2024-10-17 22:07:08.525212+03
3	admin	0001_initial	2024-10-17 22:07:08.55628+03
4	admin	0002_logentry_remove_auto_add	2024-10-17 22:07:08.572106+03
5	admin	0003_logentry_add_action_flag_choices	2024-10-17 22:07:08.587529+03
6	contenttypes	0002_remove_content_type_name	2024-10-17 22:07:08.603153+03
7	auth	0002_alter_permission_name_max_length	2024-10-17 22:07:08.618765+03
8	auth	0003_alter_user_email_max_length	2024-10-17 22:07:08.634409+03
9	auth	0004_alter_user_username_opts	2024-10-17 22:07:08.634409+03
10	auth	0005_alter_user_last_login_null	2024-10-17 22:07:08.650085+03
11	auth	0006_require_contenttypes_0002	2024-10-17 22:07:08.650085+03
12	auth	0007_alter_validators_add_error_messages	2024-10-17 22:07:08.665639+03
13	auth	0008_alter_user_username_max_length	2024-10-17 22:07:08.681282+03
14	auth	0009_alter_user_last_name_max_length	2024-10-17 22:07:08.696905+03
15	auth	0010_alter_group_name_max_length	2024-10-17 22:07:08.712571+03
16	auth	0011_update_proxy_permissions	2024-10-17 22:07:08.728159+03
17	auth	0012_alter_user_first_name_max_length	2024-10-17 22:07:08.728159+03
18	manicapp	0001_initial	2024-10-17 22:07:08.744135+03
19	manicapp	0002_alter_service_price_alter_service_table	2024-10-17 22:07:08.775266+03
20	sessions	0001_initial	2024-10-17 22:11:56.683248+03
21	manicapp	0003_client	2024-10-17 22:14:17.306773+03
22	manicapp	0004_takenservice_freedate	2024-10-17 22:21:53.794961+03
23	manicapp	0005_remove_takenservice_status_and_more	2024-10-17 22:24:24.303714+03
24	manicapp	0006_alter_client_client_id_alter_freedate_freedate_id_and_more	2024-10-20 02:20:30.883159+03
\.


--
-- TOC entry 5005 (class 0 OID 16577)
-- Dependencies: 239
-- Data for Name: django_session; Type: TABLE DATA; Schema: public; Owner: admin_salon
--

COPY public.django_session (session_key, session_data, expire_date) FROM stdin;
dr3lqtzhc48q2ojts8tm4w4y27afp20d	eyJfY3NyZnRva2VuIjoiMzBHU1Q3T2pzRGNFVnJlZjZrYnZyNVdvQzVYdXgxQXIiLCJocnNpenJwd2txMGpxNG0wOGhwMjN2emV6NXowa3N2eSI6eyJuZWVkX2R1cmF0aW9ucyI6NH19:1t1rEo:gjYRrlxnpWKtqwmgjbbBApkhFgU4huKwQFKM11ivi6U	2024-11-01 20:58:10.227756+03
wn2y4qmvkwx1b0xxlq3wrfocoxl02tv5	.eJxlkNFLwzAQxv-Vcq92cGlSt_ZVEEUYe1A2RShpkmq0TaVLH2Tsf7e5MBYQwseXL3e_cHeCRh2nzo_fxkENh7uK-Vv7sP_V9rCzL49vpvJPr1_z5n4Yt9MecnDG6EbPk_R2dEeoyxxUb43zjZZeQn2CzjrZb-VgFuD7jILxoLwkbYMKlV0vHElldhNDfQ0FJr4ivyEtkkad5GVODMaSH9cRK0gNaZf4NoGU_4DVMjHN82xpnoJgYp0xjFiVFOtL8W6yaqnmiJhDaz6sC8uhfizEiuGq4HB58ZHMsMZwworj7hZnBmn7aH8-R0fp-fwH4wd-3A:1t37ny:gZfsd3faSmkBHJgo1--sIijrzZVpRT3eUGorDL1ifkE	2024-11-05 08:51:42.044125+03
swum0lr53vefbty2fqol32nhl9xro9bd	.eJxNkG9LwzAQxr-K3OtG8m_Y5pVDZ0FhTvSFL4SSNckMtql2KUPHvrtJutFC-OVy99zDXY5Q1fve-O5LOxAwvC7LsmnvdoelbDfvangpn_yarlYPz3_3Xf0IGTitVaWGXnrbuT0IkkHdWO18paSXII5grJPNWrY6GH4MmFMSyVQkN4k0ZfLERXYVbzKqFok3KcV4ok40s3g7GZ4b1MywCFOmGd5smoHh0a2eadRFs-ltHUQc4wy2emddXCN2UUw5IhTRHC4VP_oRKhgWGMfPmLYkMhnjaT9ugkK30jZB8nPQlPX-9za-r_shlL4_Oxe7c1QwjoqcIsbCgdPpH952d84:1tMGwv:PzhyxV-5dqc9VF26Qapt4fbL_1QPUnnQZvvEOXNHzPk	2024-12-28 04:28:05.249084+03
rbt6eqzjppkgmslg0cjfygershn38rgh	.eJxNUNtKw0AQ_ZUwz4lMdifk8lQoIoKKVh98EMI22bSr6SakCQql_-7upJrCcpjLOWdm9gRldRyasfvSFgowd3vK7f5bPTxmL_I9S17VZ3ef3m7WpDbTuocQrNZ1WU-DGk1nj1BQCFVrtB3LWo0KihM0xqr2SR20M_yYkGLpUSaMW49URUsikVGFAZMbJsw1zXHMKJaKzJkqiTFjTK-scsbaLcurvBleJWYRpQHhLK-u5P_k58FUji0QMYSt3hnr7_J6gYKiWERCwl9nvDhjIbFA9L-znH3ZGJeYeCI188S5GziRPijTOpX-UYe-1audz2-GybX6fWe9YRblqRudxJF7guB8_gW2oIBw:1tMrIb:N2lN8uo8e5p-ypdYUXZCuUQsIJGEtJ7fV4RmPXjS85Y	2024-12-29 19:16:53.678204+03
hrsizrpwkq0jq4m08hp23vzez5z0ksvy	.eJxlT9tKw0AQ_ZWyz4nMXmLTPCkqvqlgUR-EsEk2Zpt2024utSn5d_dCMVAYhjMz5xzmnFGat7rsmloolCAKz-_r5eumfcyfPrQob-ts0NFn8xB99b_4XqMAVbqVo94f6wNsDmwHcbUndBjFGI1Qt8MJJWekhCjSote8k41qUcKm4GpHApRvpVBdWvCOW1UpFd--8J0wj3z3wAi1nUW2U-E6m2HirpnDq0WwsABjN3rJcnGlKWfYK4uZwOPYO5qo7qG1dA8x8G75jFNcOG9a5oaEASBAmfiRyoayMgKEhRhCQtHl0nlDHCcApsxe_WfG3DmDy-YTloYhdlxuDeVwFITq7nRn5xvdm9O-apRVx-GKsnAVk5BSU2ia_gBbMo-k:1t3Beg:9t0SrYVqLct9A9X_dEiMmBnhY0TfBnfbQ0n_9jEInwE	2024-11-05 12:58:22.550627+03
ru6xe5b4abxsjq36l2ogr015c986fm6g	eyJfY3NyZnRva2VuIjoiZmxpRGJXa0xWeVhKS2lPdmhKQ3pMODlWcmxoem9iV0UiLCJuZWVkX2R1cmF0aW9ucyI6NH0:1tAxTT:0fM0ysT3erPHS6l89JX0Nv4ZpGG-X7X2Hp1F0DlsJl8	2024-11-26 23:26:55.833327+03
mhka1mpku1cgn6vkizyuru45gmhw1sbc	eyJfY3NyZnRva2VuIjoiWHlJMnNVZmhhVDdEcnVleFhRNmpMZ1h6dTdzdFQ1T1EifQ:1tBMgi:L8_isv1w8YUhncP9XkB-VZDPIHnVWe3qqRZpK16jhbA	2024-11-28 02:22:16.155224+03
3of6jf75i1afe4smo8kn8c1r6dkgxzvi	.eJylUctqwzAQ_BWja-2ip1-nPk45NJRS2kvBKJKcithycOzWEPLvtaQYi1x7GVazO7PD6gwqcerroTsoA0owNfBTpB8b9fZC880opnxLj61-Kp4bxqbfRxADo5Ss5NjzQXfmBMo0BqLRygyV5AMH5RnU2vBmy1s1G36NkCJikTCHO4tUROuDQIc8uvOkXEkKg7pwde4QB0IZ8Cx2HqgO1MrVyCFeGVL4dTSQZ4GtXyevhv8K5Syop_htmsVuPq073Lt2h8NelEUM-pwicJTL8GuvxTxNGIQx2Km9NvYXnB5imiCcwAIsncE7I1ISWEK70KyfdE2fryFdJNVy3cwjP_rAH_b2cS-6dm4cvztjtXlS4DTJUZZgliAGLpc_p9SpYw:1tMvsT:0ZgmPJay-lhBhk_yNehWFCNyl2KMdb3bb6HDI4PuWH0	2024-12-30 00:10:13.227509+03
\.


--
-- TOC entry 4986 (class 0 OID 16413)
-- Dependencies: 220
-- Data for Name: freedates; Type: TABLE DATA; Schema: public; Owner: admin_salon
--

COPY public.freedates (freedate_id, begin, duration, takenserv_id) FROM stdin;
523	2024-12-23 10:00:00	00:30:00	\N
528	2024-12-23 12:30:00	00:30:00	\N
529	2024-12-23 13:00:00	00:30:00	\N
530	2024-12-23 13:30:00	00:30:00	\N
531	2024-12-23 14:00:00	00:30:00	\N
532	2024-12-23 14:30:00	00:30:00	\N
533	2024-12-23 15:00:00	00:30:00	\N
534	2024-12-23 15:30:00	00:30:00	\N
535	2024-12-23 16:00:00	00:30:00	\N
536	2024-12-23 16:30:00	00:30:00	\N
537	2024-12-23 17:00:00	00:30:00	\N
538	2024-12-23 17:30:00	00:30:00	\N
539	2024-12-23 18:00:00	00:30:00	\N
540	2024-12-23 18:30:00	00:30:00	\N
541	2024-12-24 10:00:00	00:30:00	\N
542	2024-12-24 10:30:00	00:30:00	\N
543	2024-12-24 11:00:00	00:30:00	\N
544	2024-12-24 11:30:00	00:30:00	\N
545	2024-12-24 12:00:00	00:30:00	\N
546	2024-12-24 12:30:00	00:30:00	\N
547	2024-12-24 13:00:00	00:30:00	\N
548	2024-12-24 13:30:00	00:30:00	\N
549	2024-12-24 14:00:00	00:30:00	\N
550	2024-12-24 14:30:00	00:30:00	\N
551	2024-12-24 15:00:00	00:30:00	\N
552	2024-12-24 15:30:00	00:30:00	\N
553	2024-12-24 16:00:00	00:30:00	\N
554	2024-12-24 16:30:00	00:30:00	\N
555	2024-12-24 17:00:00	00:30:00	\N
556	2024-12-24 17:30:00	00:30:00	\N
557	2024-12-24 18:00:00	00:30:00	\N
558	2024-12-24 18:30:00	00:30:00	\N
559	2024-12-25 10:00:00	00:30:00	\N
560	2024-12-25 10:30:00	00:30:00	\N
561	2024-12-25 11:00:00	00:30:00	\N
562	2024-12-25 11:30:00	00:30:00	\N
563	2024-12-25 12:00:00	00:30:00	\N
564	2024-12-25 12:30:00	00:30:00	\N
565	2024-12-25 13:00:00	00:30:00	\N
566	2024-12-25 13:30:00	00:30:00	\N
567	2024-12-25 14:00:00	00:30:00	\N
568	2024-12-25 14:30:00	00:30:00	\N
569	2024-12-25 15:00:00	00:30:00	\N
570	2024-12-25 15:30:00	00:30:00	\N
571	2024-12-25 16:00:00	00:30:00	\N
572	2024-12-25 16:30:00	00:30:00	\N
573	2024-12-25 17:00:00	00:30:00	\N
574	2024-12-25 17:30:00	00:30:00	\N
575	2024-12-25 18:00:00	00:30:00	\N
576	2024-12-25 18:30:00	00:30:00	\N
577	2024-12-26 10:00:00	00:30:00	\N
578	2024-12-26 10:30:00	00:30:00	\N
579	2024-12-26 11:00:00	00:30:00	\N
580	2024-12-26 11:30:00	00:30:00	\N
581	2024-12-26 12:00:00	00:30:00	\N
582	2024-12-26 12:30:00	00:30:00	\N
583	2024-12-26 13:00:00	00:30:00	\N
584	2024-12-26 13:30:00	00:30:00	\N
585	2024-12-26 14:00:00	00:30:00	\N
586	2024-12-26 14:30:00	00:30:00	\N
587	2024-12-26 15:00:00	00:30:00	\N
588	2024-12-26 15:30:00	00:30:00	\N
589	2024-12-26 16:00:00	00:30:00	\N
590	2024-12-26 16:30:00	00:30:00	\N
591	2024-12-26 17:00:00	00:30:00	\N
592	2024-12-26 17:30:00	00:30:00	\N
593	2024-12-26 18:00:00	00:30:00	\N
594	2024-12-26 18:30:00	00:30:00	\N
595	2024-12-27 10:00:00	00:30:00	\N
596	2024-12-27 10:30:00	00:30:00	\N
597	2024-12-27 11:00:00	00:30:00	\N
598	2024-12-27 11:30:00	00:30:00	\N
599	2024-12-27 12:00:00	00:30:00	\N
600	2024-12-27 12:30:00	00:30:00	\N
601	2024-12-27 13:00:00	00:30:00	\N
602	2024-12-27 13:30:00	00:30:00	\N
603	2024-12-27 14:00:00	00:30:00	\N
604	2024-12-27 14:30:00	00:30:00	\N
605	2024-12-27 15:00:00	00:30:00	\N
606	2024-12-27 15:30:00	00:30:00	\N
607	2024-12-27 16:00:00	00:30:00	\N
608	2024-12-27 16:30:00	00:30:00	\N
609	2024-12-27 17:00:00	00:30:00	\N
610	2024-12-27 17:30:00	00:30:00	\N
611	2024-12-27 18:00:00	00:30:00	\N
612	2024-12-27 18:30:00	00:30:00	\N
613	2024-12-28 10:00:00	00:30:00	\N
614	2024-12-28 10:30:00	00:30:00	\N
615	2024-12-28 11:00:00	00:30:00	\N
616	2024-12-28 11:30:00	00:30:00	\N
617	2024-12-28 12:00:00	00:30:00	\N
618	2024-12-28 12:30:00	00:30:00	\N
619	2024-12-28 13:00:00	00:30:00	\N
620	2024-12-28 13:30:00	00:30:00	\N
621	2024-12-28 14:00:00	00:30:00	\N
622	2024-12-28 14:30:00	00:30:00	\N
623	2024-12-28 15:00:00	00:30:00	\N
624	2024-12-28 15:30:00	00:30:00	\N
625	2024-12-28 16:00:00	00:30:00	\N
626	2024-12-28 16:30:00	00:30:00	\N
627	2024-12-28 17:00:00	00:30:00	\N
628	2024-12-28 17:30:00	00:30:00	\N
629	2024-12-28 18:00:00	00:30:00	\N
630	2024-12-28 18:30:00	00:30:00	\N
631	2024-12-29 10:00:00	00:30:00	\N
632	2024-12-29 10:30:00	00:30:00	\N
633	2024-12-29 11:00:00	00:30:00	\N
634	2024-12-29 11:30:00	00:30:00	\N
635	2024-12-29 12:00:00	00:30:00	\N
636	2024-12-29 12:30:00	00:30:00	\N
637	2024-12-29 13:00:00	00:30:00	\N
638	2024-12-29 13:30:00	00:30:00	\N
639	2024-12-29 14:00:00	00:30:00	\N
640	2024-12-29 14:30:00	00:30:00	\N
641	2024-12-29 15:00:00	00:30:00	\N
642	2024-12-29 15:30:00	00:30:00	\N
643	2024-12-29 16:00:00	00:30:00	\N
644	2024-12-29 16:30:00	00:30:00	\N
645	2024-12-29 17:00:00	00:30:00	\N
646	2024-12-29 17:30:00	00:30:00	\N
647	2024-12-29 18:00:00	00:30:00	\N
648	2024-12-29 18:30:00	00:30:00	\N
524	2024-12-23 10:30:00	00:30:00	21
525	2024-12-23 11:00:00	00:30:00	21
526	2024-12-23 11:30:00	00:30:00	21
527	2024-12-23 12:00:00	00:30:00	21
\.


--
-- TOC entry 5010 (class 0 OID 16596)
-- Dependencies: 244
-- Data for Name: iscreateddates; Type: TABLE DATA; Schema: public; Owner: admin_salon
--

COPY public.iscreateddates (sunday_date, status) FROM stdin;
2024-10-20	t
2024-10-13	t
2024-12-15	t
2024-12-01	t
\.


--
-- TOC entry 5011 (class 0 OID 16601)
-- Dependencies: 245
-- Data for Name: isdeleteddates; Type: TABLE DATA; Schema: public; Owner: admin_salon
--

COPY public.isdeleteddates (monday_date, status) FROM stdin;
2024-10-28	t
2024-10-21	t
2024-11-04	t
2024-12-16	t
\.


--
-- TOC entry 4983 (class 0 OID 16389)
-- Dependencies: 217
-- Data for Name: services; Type: TABLE DATA; Schema: public; Owner: admin_salon
--

COPY public.services (service_id, name, price, "time", type, "desc") FROM stdin;
8	Наращивание макси	0	00:10:00	length	Наращивание до 2 см от края пластины
7	Сложный дизайн	400	00:30:00	design	Наклейки, рисунок, стразы, пирсинг на на 4-10 ногтей
6	Простой дизайн	0	00:10:00	design	Наклейки или рисунок на 1-4 ногтя
5	Без дополнений	0	00:00:00	noadd	Не нужно ничего лишнего для моих ногтей
4	Гель лак + наращивание	3000	02:10:00	basic	Снятие лака, обработка ногтевой пластины, наращивание ногтей, покрытие гель-лаком
3	Гель-лак	2000	01:30:00	basic	Снятие лака, обработка ногтевой пластины, покрытие гель-лаком
2	Уходовый 	1000	00:40:00	basic	Снятие лака, обработка ногтевой пластины, покрытие уходовым лаком
1	Снятие	400	00:30:00	basic	Снятие лака с ногтевой пластины и шлифовка
9	Наращивание экстра	500	00:30:00	length	Наращивание до 3 см от края пластины
\.


--
-- TOC entry 4985 (class 0 OID 16403)
-- Dependencies: 219
-- Data for Name: takenservices; Type: TABLE DATA; Schema: public; Owner: admin_salon
--

COPY public.takenservices (takenserv_id, client_id, total_name, total_price, begin, "end") FROM stdin;
1	1	Гель-лак, Простой дизайн	2000	2024-08-08 10:00:00	2024-08-08 11:40:00
2	2	Уходовый , Без дополнений	1000	2024-10-21 10:00:00	2024-10-21 10:40:00
3	3	Уходовый , Без дополнений	1000	2024-10-21 10:00:00	2024-10-21 10:40:00
4	4	Гель-лак, Простой дизайн	2000	2024-10-21 11:00:00	2024-10-21 12:40:00
5	4	Гель-лак, Простой дизайн	2000	2024-10-21 11:00:00	2024-10-21 12:40:00
6	3	Гель-лак, Простой дизайн	2000	2024-10-21 11:00:00	2024-10-21 12:40:00
7	3	Уходовый , Без дополнений	1000	2024-10-21 13:00:00	2024-10-21 13:40:00
8	5	Уходовый , Без дополнений	1000	2024-10-22 15:30:00	2024-10-22 16:10:00
9	5	Гель лак + наращивание, Без дополнений	3000	2024-10-23 12:30:00	2024-10-23 14:40:00
10	5	Гель лак + наращивание, Без дополнений	3000	2024-10-23 10:00:00	2024-10-23 12:10:00
11	5	Уходовый , Без дополнений	1000	2024-10-24 14:00:00	2024-10-24 14:40:00
12	5	Гель лак + наращивание, Наращивание макси	3000	2024-10-22 10:00:00	2024-10-22 12:20:00
13	5	Гель лак + наращивание, Сложный дизайн	3400	2024-10-24 10:00:00	2024-10-24 12:40:00
14	5	Уходовый , Без дополнений	1000	2024-10-27 16:00:00	2024-10-27 16:40:00
15	5	Уходовый , Без дополнений	1000	2024-10-22 13:30:00	2024-10-22 14:10:00
16	5	Уходовый , Без дополнений	1000	2024-10-22 12:30:00	2024-10-22 13:10:00
17	6	Уходовый , Без дополнений	1000	2024-10-22 14:30:00	2024-10-22 15:10:00
18	7	Гель лак + наращивание, Наращивание экстра	3500	2024-10-23 15:00:00	2024-10-23 17:40:00
19	7	Уходовый , Без дополнений	1000	2024-10-23 18:00:00	2024-10-23 18:40:00
20	7	Снятие, Без дополнений	400	2024-12-28 12:30:00	2024-12-28 13:00:00
21	8	Гель-лак, Простой дизайн	2000	2024-12-23 10:30:00	2024-12-23 12:10:00
22	9	Снятие, Без дополнений	400	2024-12-09 12:30:00	2024-12-09 13:00:00
23	10	Гель лак + наращивание, Сложный дизайн, Наращивание экстра	3900	2024-12-13 15:00:00	2024-12-13 18:10:00
24	11	Гель лак + наращивание, Простой дизайн, Наращивание экстра	3500	2024-12-09 13:30:00	2024-12-09 16:20:00
\.


--
-- TOC entry 5017 (class 0 OID 0)
-- Dependencies: 227
-- Name: auth_group_id_seq; Type: SEQUENCE SET; Schema: public; Owner: admin_salon
--

SELECT pg_catalog.setval('public.auth_group_id_seq', 1, false);


--
-- TOC entry 5018 (class 0 OID 0)
-- Dependencies: 229
-- Name: auth_group_permissions_id_seq; Type: SEQUENCE SET; Schema: public; Owner: admin_salon
--

SELECT pg_catalog.setval('public.auth_group_permissions_id_seq', 1, false);


--
-- TOC entry 5019 (class 0 OID 0)
-- Dependencies: 225
-- Name: auth_permission_id_seq; Type: SEQUENCE SET; Schema: public; Owner: admin_salon
--

SELECT pg_catalog.setval('public.auth_permission_id_seq', 40, true);


--
-- TOC entry 5020 (class 0 OID 0)
-- Dependencies: 233
-- Name: auth_user_groups_id_seq; Type: SEQUENCE SET; Schema: public; Owner: admin_salon
--

SELECT pg_catalog.setval('public.auth_user_groups_id_seq', 1, false);


--
-- TOC entry 5021 (class 0 OID 0)
-- Dependencies: 231
-- Name: auth_user_id_seq; Type: SEQUENCE SET; Schema: public; Owner: admin_salon
--

SELECT pg_catalog.setval('public.auth_user_id_seq', 1, false);


--
-- TOC entry 5022 (class 0 OID 0)
-- Dependencies: 235
-- Name: auth_user_user_permissions_id_seq; Type: SEQUENCE SET; Schema: public; Owner: admin_salon
--

SELECT pg_catalog.setval('public.auth_user_user_permissions_id_seq', 1, false);


--
-- TOC entry 5023 (class 0 OID 0)
-- Dependencies: 240
-- Name: clients_client_id_seq; Type: SEQUENCE SET; Schema: public; Owner: admin_salon
--

SELECT pg_catalog.setval('public.clients_client_id_seq', 11, true);


--
-- TOC entry 5024 (class 0 OID 0)
-- Dependencies: 237
-- Name: django_admin_log_id_seq; Type: SEQUENCE SET; Schema: public; Owner: admin_salon
--

SELECT pg_catalog.setval('public.django_admin_log_id_seq', 1, false);


--
-- TOC entry 5025 (class 0 OID 0)
-- Dependencies: 223
-- Name: django_content_type_id_seq; Type: SEQUENCE SET; Schema: public; Owner: admin_salon
--

SELECT pg_catalog.setval('public.django_content_type_id_seq', 10, true);


--
-- TOC entry 5026 (class 0 OID 0)
-- Dependencies: 221
-- Name: django_migrations_id_seq; Type: SEQUENCE SET; Schema: public; Owner: admin_salon
--

SELECT pg_catalog.setval('public.django_migrations_id_seq', 24, true);


--
-- TOC entry 5027 (class 0 OID 0)
-- Dependencies: 241
-- Name: freedates_freedate_id_seq; Type: SEQUENCE SET; Schema: public; Owner: admin_salon
--

SELECT pg_catalog.setval('public.freedates_freedate_id_seq', 774, true);


--
-- TOC entry 5028 (class 0 OID 0)
-- Dependencies: 242
-- Name: services_service_id_seq; Type: SEQUENCE SET; Schema: public; Owner: admin_salon
--

SELECT pg_catalog.setval('public.services_service_id_seq', 1, false);


--
-- TOC entry 5029 (class 0 OID 0)
-- Dependencies: 243
-- Name: takenservices_takenserv_id_seq; Type: SEQUENCE SET; Schema: public; Owner: admin_salon
--

SELECT pg_catalog.setval('public.takenservices_takenserv_id_seq', 24, true);


--
-- TOC entry 4789 (class 2606 OID 16558)
-- Name: auth_group auth_group_name_key; Type: CONSTRAINT; Schema: public; Owner: admin_salon
--

ALTER TABLE ONLY public.auth_group
    ADD CONSTRAINT auth_group_name_key UNIQUE (name);


--
-- TOC entry 4794 (class 2606 OID 16489)
-- Name: auth_group_permissions auth_group_permissions_group_id_permission_id_0cd325b0_uniq; Type: CONSTRAINT; Schema: public; Owner: admin_salon
--

ALTER TABLE ONLY public.auth_group_permissions
    ADD CONSTRAINT auth_group_permissions_group_id_permission_id_0cd325b0_uniq UNIQUE (group_id, permission_id);


--
-- TOC entry 4797 (class 2606 OID 16458)
-- Name: auth_group_permissions auth_group_permissions_pkey; Type: CONSTRAINT; Schema: public; Owner: admin_salon
--

ALTER TABLE ONLY public.auth_group_permissions
    ADD CONSTRAINT auth_group_permissions_pkey PRIMARY KEY (id);


--
-- TOC entry 4791 (class 2606 OID 16450)
-- Name: auth_group auth_group_pkey; Type: CONSTRAINT; Schema: public; Owner: admin_salon
--

ALTER TABLE ONLY public.auth_group
    ADD CONSTRAINT auth_group_pkey PRIMARY KEY (id);


--
-- TOC entry 4784 (class 2606 OID 16480)
-- Name: auth_permission auth_permission_content_type_id_codename_01ab375a_uniq; Type: CONSTRAINT; Schema: public; Owner: admin_salon
--

ALTER TABLE ONLY public.auth_permission
    ADD CONSTRAINT auth_permission_content_type_id_codename_01ab375a_uniq UNIQUE (content_type_id, codename);


--
-- TOC entry 4786 (class 2606 OID 16444)
-- Name: auth_permission auth_permission_pkey; Type: CONSTRAINT; Schema: public; Owner: admin_salon
--

ALTER TABLE ONLY public.auth_permission
    ADD CONSTRAINT auth_permission_pkey PRIMARY KEY (id);


--
-- TOC entry 4805 (class 2606 OID 16472)
-- Name: auth_user_groups auth_user_groups_pkey; Type: CONSTRAINT; Schema: public; Owner: admin_salon
--

ALTER TABLE ONLY public.auth_user_groups
    ADD CONSTRAINT auth_user_groups_pkey PRIMARY KEY (id);


--
-- TOC entry 4808 (class 2606 OID 16504)
-- Name: auth_user_groups auth_user_groups_user_id_group_id_94350c0c_uniq; Type: CONSTRAINT; Schema: public; Owner: admin_salon
--

ALTER TABLE ONLY public.auth_user_groups
    ADD CONSTRAINT auth_user_groups_user_id_group_id_94350c0c_uniq UNIQUE (user_id, group_id);


--
-- TOC entry 4799 (class 2606 OID 16464)
-- Name: auth_user auth_user_pkey; Type: CONSTRAINT; Schema: public; Owner: admin_salon
--

ALTER TABLE ONLY public.auth_user
    ADD CONSTRAINT auth_user_pkey PRIMARY KEY (id);


--
-- TOC entry 4811 (class 2606 OID 16478)
-- Name: auth_user_user_permissions auth_user_user_permissions_pkey; Type: CONSTRAINT; Schema: public; Owner: admin_salon
--

ALTER TABLE ONLY public.auth_user_user_permissions
    ADD CONSTRAINT auth_user_user_permissions_pkey PRIMARY KEY (id);


--
-- TOC entry 4814 (class 2606 OID 16518)
-- Name: auth_user_user_permissions auth_user_user_permissions_user_id_permission_id_14a6b632_uniq; Type: CONSTRAINT; Schema: public; Owner: admin_salon
--

ALTER TABLE ONLY public.auth_user_user_permissions
    ADD CONSTRAINT auth_user_user_permissions_user_id_permission_id_14a6b632_uniq UNIQUE (user_id, permission_id);


--
-- TOC entry 4802 (class 2606 OID 16553)
-- Name: auth_user auth_user_username_key; Type: CONSTRAINT; Schema: public; Owner: admin_salon
--

ALTER TABLE ONLY public.auth_user
    ADD CONSTRAINT auth_user_username_key UNIQUE (username);


--
-- TOC entry 4771 (class 2606 OID 16402)
-- Name: clients clients_pkey; Type: CONSTRAINT; Schema: public; Owner: admin_salon
--

ALTER TABLE ONLY public.clients
    ADD CONSTRAINT clients_pkey PRIMARY KEY (client_id);


--
-- TOC entry 4817 (class 2606 OID 16539)
-- Name: django_admin_log django_admin_log_pkey; Type: CONSTRAINT; Schema: public; Owner: admin_salon
--

ALTER TABLE ONLY public.django_admin_log
    ADD CONSTRAINT django_admin_log_pkey PRIMARY KEY (id);


--
-- TOC entry 4779 (class 2606 OID 16438)
-- Name: django_content_type django_content_type_app_label_model_76bd3d3b_uniq; Type: CONSTRAINT; Schema: public; Owner: admin_salon
--

ALTER TABLE ONLY public.django_content_type
    ADD CONSTRAINT django_content_type_app_label_model_76bd3d3b_uniq UNIQUE (app_label, model);


--
-- TOC entry 4781 (class 2606 OID 16436)
-- Name: django_content_type django_content_type_pkey; Type: CONSTRAINT; Schema: public; Owner: admin_salon
--

ALTER TABLE ONLY public.django_content_type
    ADD CONSTRAINT django_content_type_pkey PRIMARY KEY (id);


--
-- TOC entry 4777 (class 2606 OID 16430)
-- Name: django_migrations django_migrations_pkey; Type: CONSTRAINT; Schema: public; Owner: admin_salon
--

ALTER TABLE ONLY public.django_migrations
    ADD CONSTRAINT django_migrations_pkey PRIMARY KEY (id);


--
-- TOC entry 4821 (class 2606 OID 16583)
-- Name: django_session django_session_pkey; Type: CONSTRAINT; Schema: public; Owner: admin_salon
--

ALTER TABLE ONLY public.django_session
    ADD CONSTRAINT django_session_pkey PRIMARY KEY (session_key);


--
-- TOC entry 4775 (class 2606 OID 16417)
-- Name: freedates freedates_pkey; Type: CONSTRAINT; Schema: public; Owner: admin_salon
--

ALTER TABLE ONLY public.freedates
    ADD CONSTRAINT freedates_pkey PRIMARY KEY (freedate_id);


--
-- TOC entry 4824 (class 2606 OID 16600)
-- Name: iscreateddates iscreateddates_pkey; Type: CONSTRAINT; Schema: public; Owner: admin_salon
--

ALTER TABLE ONLY public.iscreateddates
    ADD CONSTRAINT iscreateddates_pkey PRIMARY KEY (sunday_date);


--
-- TOC entry 4826 (class 2606 OID 16605)
-- Name: isdeleteddates isdeleteddates_pkey; Type: CONSTRAINT; Schema: public; Owner: admin_salon
--

ALTER TABLE ONLY public.isdeleteddates
    ADD CONSTRAINT isdeleteddates_pkey PRIMARY KEY (monday_date);


--
-- TOC entry 4769 (class 2606 OID 16395)
-- Name: services services_pkey; Type: CONSTRAINT; Schema: public; Owner: admin_salon
--

ALTER TABLE ONLY public.services
    ADD CONSTRAINT services_pkey PRIMARY KEY (service_id);


--
-- TOC entry 4773 (class 2606 OID 16407)
-- Name: takenservices takenservices_pkey; Type: CONSTRAINT; Schema: public; Owner: admin_salon
--

ALTER TABLE ONLY public.takenservices
    ADD CONSTRAINT takenservices_pkey PRIMARY KEY (takenserv_id);


--
-- TOC entry 4787 (class 1259 OID 16559)
-- Name: auth_group_name_a6ea08ec_like; Type: INDEX; Schema: public; Owner: admin_salon
--

CREATE INDEX auth_group_name_a6ea08ec_like ON public.auth_group USING btree (name varchar_pattern_ops);


--
-- TOC entry 4792 (class 1259 OID 16500)
-- Name: auth_group_permissions_group_id_b120cbf9; Type: INDEX; Schema: public; Owner: admin_salon
--

CREATE INDEX auth_group_permissions_group_id_b120cbf9 ON public.auth_group_permissions USING btree (group_id);


--
-- TOC entry 4795 (class 1259 OID 16501)
-- Name: auth_group_permissions_permission_id_84c5c92e; Type: INDEX; Schema: public; Owner: admin_salon
--

CREATE INDEX auth_group_permissions_permission_id_84c5c92e ON public.auth_group_permissions USING btree (permission_id);


--
-- TOC entry 4782 (class 1259 OID 16486)
-- Name: auth_permission_content_type_id_2f476e4b; Type: INDEX; Schema: public; Owner: admin_salon
--

CREATE INDEX auth_permission_content_type_id_2f476e4b ON public.auth_permission USING btree (content_type_id);


--
-- TOC entry 4803 (class 1259 OID 16516)
-- Name: auth_user_groups_group_id_97559544; Type: INDEX; Schema: public; Owner: admin_salon
--

CREATE INDEX auth_user_groups_group_id_97559544 ON public.auth_user_groups USING btree (group_id);


--
-- TOC entry 4806 (class 1259 OID 16515)
-- Name: auth_user_groups_user_id_6a12ed8b; Type: INDEX; Schema: public; Owner: admin_salon
--

CREATE INDEX auth_user_groups_user_id_6a12ed8b ON public.auth_user_groups USING btree (user_id);


--
-- TOC entry 4809 (class 1259 OID 16530)
-- Name: auth_user_user_permissions_permission_id_1fbb5f2c; Type: INDEX; Schema: public; Owner: admin_salon
--

CREATE INDEX auth_user_user_permissions_permission_id_1fbb5f2c ON public.auth_user_user_permissions USING btree (permission_id);


--
-- TOC entry 4812 (class 1259 OID 16529)
-- Name: auth_user_user_permissions_user_id_a95ead1b; Type: INDEX; Schema: public; Owner: admin_salon
--

CREATE INDEX auth_user_user_permissions_user_id_a95ead1b ON public.auth_user_user_permissions USING btree (user_id);


--
-- TOC entry 4800 (class 1259 OID 16554)
-- Name: auth_user_username_6821ab7c_like; Type: INDEX; Schema: public; Owner: admin_salon
--

CREATE INDEX auth_user_username_6821ab7c_like ON public.auth_user USING btree (username varchar_pattern_ops);


--
-- TOC entry 4815 (class 1259 OID 16550)
-- Name: django_admin_log_content_type_id_c4bce8eb; Type: INDEX; Schema: public; Owner: admin_salon
--

CREATE INDEX django_admin_log_content_type_id_c4bce8eb ON public.django_admin_log USING btree (content_type_id);


--
-- TOC entry 4818 (class 1259 OID 16551)
-- Name: django_admin_log_user_id_c564eba6; Type: INDEX; Schema: public; Owner: admin_salon
--

CREATE INDEX django_admin_log_user_id_c564eba6 ON public.django_admin_log USING btree (user_id);


--
-- TOC entry 4819 (class 1259 OID 16585)
-- Name: django_session_expire_date_a5c62663; Type: INDEX; Schema: public; Owner: admin_salon
--

CREATE INDEX django_session_expire_date_a5c62663 ON public.django_session USING btree (expire_date);


--
-- TOC entry 4822 (class 1259 OID 16584)
-- Name: django_session_session_key_c0390e0f_like; Type: INDEX; Schema: public; Owner: admin_salon
--

CREATE INDEX django_session_session_key_c0390e0f_like ON public.django_session USING btree (session_key varchar_pattern_ops);


--
-- TOC entry 4830 (class 2606 OID 16495)
-- Name: auth_group_permissions auth_group_permissio_permission_id_84c5c92e_fk_auth_perm; Type: FK CONSTRAINT; Schema: public; Owner: admin_salon
--

ALTER TABLE ONLY public.auth_group_permissions
    ADD CONSTRAINT auth_group_permissio_permission_id_84c5c92e_fk_auth_perm FOREIGN KEY (permission_id) REFERENCES public.auth_permission(id) DEFERRABLE INITIALLY DEFERRED;


--
-- TOC entry 4831 (class 2606 OID 16490)
-- Name: auth_group_permissions auth_group_permissions_group_id_b120cbf9_fk_auth_group_id; Type: FK CONSTRAINT; Schema: public; Owner: admin_salon
--

ALTER TABLE ONLY public.auth_group_permissions
    ADD CONSTRAINT auth_group_permissions_group_id_b120cbf9_fk_auth_group_id FOREIGN KEY (group_id) REFERENCES public.auth_group(id) DEFERRABLE INITIALLY DEFERRED;


--
-- TOC entry 4829 (class 2606 OID 16481)
-- Name: auth_permission auth_permission_content_type_id_2f476e4b_fk_django_co; Type: FK CONSTRAINT; Schema: public; Owner: admin_salon
--

ALTER TABLE ONLY public.auth_permission
    ADD CONSTRAINT auth_permission_content_type_id_2f476e4b_fk_django_co FOREIGN KEY (content_type_id) REFERENCES public.django_content_type(id) DEFERRABLE INITIALLY DEFERRED;


--
-- TOC entry 4832 (class 2606 OID 16510)
-- Name: auth_user_groups auth_user_groups_group_id_97559544_fk_auth_group_id; Type: FK CONSTRAINT; Schema: public; Owner: admin_salon
--

ALTER TABLE ONLY public.auth_user_groups
    ADD CONSTRAINT auth_user_groups_group_id_97559544_fk_auth_group_id FOREIGN KEY (group_id) REFERENCES public.auth_group(id) DEFERRABLE INITIALLY DEFERRED;


--
-- TOC entry 4833 (class 2606 OID 16505)
-- Name: auth_user_groups auth_user_groups_user_id_6a12ed8b_fk_auth_user_id; Type: FK CONSTRAINT; Schema: public; Owner: admin_salon
--

ALTER TABLE ONLY public.auth_user_groups
    ADD CONSTRAINT auth_user_groups_user_id_6a12ed8b_fk_auth_user_id FOREIGN KEY (user_id) REFERENCES public.auth_user(id) DEFERRABLE INITIALLY DEFERRED;


--
-- TOC entry 4834 (class 2606 OID 16524)
-- Name: auth_user_user_permissions auth_user_user_permi_permission_id_1fbb5f2c_fk_auth_perm; Type: FK CONSTRAINT; Schema: public; Owner: admin_salon
--

ALTER TABLE ONLY public.auth_user_user_permissions
    ADD CONSTRAINT auth_user_user_permi_permission_id_1fbb5f2c_fk_auth_perm FOREIGN KEY (permission_id) REFERENCES public.auth_permission(id) DEFERRABLE INITIALLY DEFERRED;


--
-- TOC entry 4835 (class 2606 OID 16519)
-- Name: auth_user_user_permissions auth_user_user_permissions_user_id_a95ead1b_fk_auth_user_id; Type: FK CONSTRAINT; Schema: public; Owner: admin_salon
--

ALTER TABLE ONLY public.auth_user_user_permissions
    ADD CONSTRAINT auth_user_user_permissions_user_id_a95ead1b_fk_auth_user_id FOREIGN KEY (user_id) REFERENCES public.auth_user(id) DEFERRABLE INITIALLY DEFERRED;


--
-- TOC entry 4836 (class 2606 OID 16540)
-- Name: django_admin_log django_admin_log_content_type_id_c4bce8eb_fk_django_co; Type: FK CONSTRAINT; Schema: public; Owner: admin_salon
--

ALTER TABLE ONLY public.django_admin_log
    ADD CONSTRAINT django_admin_log_content_type_id_c4bce8eb_fk_django_co FOREIGN KEY (content_type_id) REFERENCES public.django_content_type(id) DEFERRABLE INITIALLY DEFERRED;


--
-- TOC entry 4837 (class 2606 OID 16545)
-- Name: django_admin_log django_admin_log_user_id_c564eba6_fk_auth_user_id; Type: FK CONSTRAINT; Schema: public; Owner: admin_salon
--

ALTER TABLE ONLY public.django_admin_log
    ADD CONSTRAINT django_admin_log_user_id_c564eba6_fk_auth_user_id FOREIGN KEY (user_id) REFERENCES public.auth_user(id) DEFERRABLE INITIALLY DEFERRED;


--
-- TOC entry 4828 (class 2606 OID 16418)
-- Name: freedates freedates_takenserv_id_fkey; Type: FK CONSTRAINT; Schema: public; Owner: admin_salon
--

ALTER TABLE ONLY public.freedates
    ADD CONSTRAINT freedates_takenserv_id_fkey FOREIGN KEY (takenserv_id) REFERENCES public.takenservices(takenserv_id);


--
-- TOC entry 4827 (class 2606 OID 16408)
-- Name: takenservices takenservices_client_id_fkey; Type: FK CONSTRAINT; Schema: public; Owner: admin_salon
--

ALTER TABLE ONLY public.takenservices
    ADD CONSTRAINT takenservices_client_id_fkey FOREIGN KEY (client_id) REFERENCES public.clients(client_id);


-- Completed on 2024-12-16 04:05:49

--
-- PostgreSQL database dump complete
--

